Number,Train,Positive,Negative
0,0.9998945054945055,0.8639164835164836,0.4804351648351636
1,0.9391208791208792,0.9579384615384601,0.4773230769230746
2,0.9978021978021873,0.8552923076923064,0.5146593406593375
3,0.944435164835163,0.8709098901098894,0.5048923076923107
4,0.7963604395604382,0.8409406593406555,0.48705934065934375
5,0.9744351648351619,0.7590901098901095,0.5476395604395585
6,0.817516483516483,0.7965582417582412,0.5285318681318673
7,0.8820747252747232,0.9955956043956105,0.48360439560439605
8,0.9394373626373604,0.8950461538461565,0.49090109890109973
9,0.9127824175824119,0.8388483516483497,0.49789450549450215
10,0.9454725274725245,0.9977098901098798,0.48394285714285645
11,0.9978021978021873,0.8458373626373608,0.475854945054944
12,0.9955648351648413,0.9793230769230711,0.5035296703296722
13,0.9164527472527466,0.7838769230769215,0.5376879120879152
14,0.9704087912087904,0.9914153846153926,0.5152703296703253
15,0.598927472527471,0.7692439560439542,0.48019340659340304
16,0.9667164835164918,0.7518505494505489,0.5235340659340673
17,0.834136263736263,0.7371340659340648,0.5574945054945055
18,0.7603384615384601,0.9353142857142861,0.4611164835164806
19,0.9042989010988988,0.794189010989011,0.5184703296703294
20,0.8953494505494513,0.8661494505494485,0.523371428571428
21,0.9298505494505481,0.9977978021977917,0.4938373626373597
22,0.810606593406591,0.7244263736263725,0.5124087912087893
23,0.7687472527472504,0.7564703296703305,0.4967164835164807
24,0.9857934065934093,0.9709714285714303,0.4900395604395619
25,0.840509890109886,0.6738021978021974,0.5049010989011025
26,0.8467252747252741,0.7310109890109882,0.5322945054945065
27,0.8470417582417569,0.7915824175824177,0.4931736263736262
28,0.741753846153846,0.8848615384615387,0.4873494505494536
29,0.7826769230769233,0.9817934065934,0.5093934065934064
30,0.7187736263736272,0.7625538461538464,0.5145846153846128
31,0.8103296703296696,0.9019208791208798,0.5161714285714235
32,0.6918417582417581,0.6067428571428577,0.49649230769230523
33,0.7868175824175824,0.909819780219778,0.4992747252747228
34,0.8616439560439565,0.9834329670329564,0.5107824175824157
35,0.8575032967032971,0.9390769230769196,0.5117406593406569
36,0.7706109890109867,0.9211472527472514,0.4853978021978064
37,0.9568439560439531,0.9533274725274737,0.5201010989010998
38,0.7529186813186798,0.9246637362637359,0.4795296703296669
39,0.8925934065934084,0.995498901098907,0.599512087912086
40,0.9720571428571423,0.8861934065934051,0.4995868131868112
41,0.685410989010989,0.9805450549450492,0.5061538461538457
42,0.8052923076923061,0.8997010989010977,0.49746813186813205
43,0.9340351648351665,0.9842901098901059,0.5325890109890112
44,0.8376747252747231,0.9566813186813156,0.5049626373626402
45,0.8500747252747248,0.9221758241758224,0.47411428571428516
46,0.8273450549450553,0.984624175824173,0.5040175824175859
47,0.8291076923076927,0.6435296703296703,0.46440879120879086
48,0.8489450549450546,0.995591208791215,0.5174417582417564
49,0.7630769230769224,0.8087208791208775,0.49345494505494464
50,0.6295472527472522,0.9349450549450549,0.5102109890109873
51,0.7744219780219778,0.9765802197802177,0.5050461538461566
52,0.7001494505494501,0.6785098901098905,0.46621538461538553
53,0.9527736263736237,0.9112131868131814,0.482443956043956
54,0.7633450549450546,0.9977406593406488,0.5008131868131879
55,0.8485670329670315,0.9956043956044017,0.4870813186813203
56,0.7427604395604385,0.9407648351648316,0.5083428571428583
57,0.7595164835164836,0.9748175824175818,0.5752879120879119
58,0.9028527472527452,0.9808615384615358,0.5107956043956028
59,0.7748307692307671,0.9976791208791173,0.5010461538461561
60,0.7931560439560444,0.8252791208791213,0.4551164835164841
61,0.8619252747252751,0.9282549450549435,0.5305098901098875
62,0.9999516483516484,0.8021406593406598,0.5270417582417584
63,0.6733494505494488,0.9528175824175825,0.48736263736263863
64,0.9949274725274754,0.8475824175824173,0.5094197802197802
65,0.9979296703296671,0.9830593406593355,0.5029406593406631
66,0.7701758241758219,0.8025494505494479,0.49499780219780126
67,0.7935120879120895,0.9570857142857108,0.513714285714285
68,0.7923428571428577,0.9818549450549383,0.5131780219780185
69,0.901802197802197,0.9241142857142837,0.49819780219780097
70,0.7901714285714291,0.8275956043956036,0.46824175824175807
71,0.9199340659340645,0.8028395604395586,0.5310417582417557
72,0.9117758241758191,0.9619164835164805,0.4828615384615382
73,0.9976571428571334,0.9977714285714181,0.4816087912087915
74,0.9977846153846048,0.9024043956043952,0.5045054945054978
75,0.9977318681318577,0.9816747252747254,0.47600439560439595
76,0.997727472527462,0.7698065934065915,0.4971868131868092
77,0.9922681318681361,0.9568043956043961,0.4865494505494535
78,0.9854989010988997,0.9375208791208754,0.4907780219780225
79,0.9181934065934059,0.7101802197802186,0.5175516483516454
80,0.9977450549450444,0.9374637362637355,0.47915164835164936
81,0.9808087912087851,0.9682373626373646,0.49102857142857137
82,0.8298769230769237,0.9922241758241743,0.5239868131868127
83,0.86083956043956,0.9725670329670287,0.4974813186813176
84,0.88640879120879,1.0,0.47619780219780106
85,0.993731868131867,0.9491780219780187,0.48115164835164564
86,0.8566901098901099,0.9421978021978009,0.5192659340659358
87,0.9418461538461496,0.9977186813186709,0.48372747252747433
88,0.9706593406593383,0.8723076923076897,0.5095340659340649
89,0.9043032967032949,0.9752659340659374,0.5666945054945031
90,0.9784747252747232,0.7086197802197793,0.5140791208791193
91,0.8733934065934054,0.8358549450549435,0.49403516483516163
92,0.9808483516483436,0.8300395604395594,0.5304835164835141
93,0.8986153846153843,0.9261010989010967,0.49000439560439696
94,0.9898329670329682,0.8255780219780211,0.4833098901098923
95,0.8288263736263736,0.997745054945045,0.5209582417582442
96,0.989846153846154,0.9486857142857114,0.4870197802197824
97,0.9072131868131846,0.9585626373626361,0.4884791208791237
98,0.7805582417582413,0.9556527472527463,0.4789494505494484
99,0.9978021978021873,0.8296571428571421,0.4952219780219766
100,0.8238153846153848,0.815956043956043,0.509709890109889
101,0.9837362637362618,0.9413670329670314,0.47310769230769256
102,0.9835780219780144,0.9853802197802197,0.49051428571428657
103,0.7539032967032974,0.990984615384622,0.5311780219780238
104,0.9815032967032888,0.8586901098901099,0.5041714285714305
105,0.9180219780219762,0.8230945054945056,0.47494945054945
106,0.9898857142857167,0.7960043956043976,0.5118065934065907
107,0.9492087912087888,0.9995999999999982,0.4782549450549436
108,0.9432659340659301,0.9505098901098884,0.4781494505494472
109,0.8932879120879123,0.9371956043956029,0.5188087912087957
110,0.8662681318681309,0.9885362637362664,0.5148483516483493
111,0.8991692307692312,0.8444571428571406,0.5195780219780249
112,0.9470285714285664,0.9341318681318668,0.5200000000000007
113,0.9751120879120898,0.9009670329670316,0.45777582417582396
114,0.8886549450549428,0.9761494505494499,0.5749142857142868
115,0.9928967032966982,0.9358945054945057,0.4868527472527504
116,0.9999296703296703,0.9810373626373584,0.5200043956043993
117,0.9818549450549439,0.668826373626372,0.5189318681318696
118,0.883635164835163,0.8453802197802209,0.5135252747252717
119,0.8551164835164821,0.9969186813186782,0.5000307692307693
120,0.8080131868131848,0.9977098901098795,0.4992615384615365
121,0.8014285714285704,0.9955164835164892,0.49381538461538266
122,0.9239252747252731,0.8028923076923061,0.49222417582417455
123,0.9794153846153812,0.8848923076923061,0.49858901098901076
124,0.9964527472527446,0.8388263736263712,0.5225758241758266
125,0.9222021978021966,0.8924791208791203,0.541384615384616
126,0.9823736263736207,0.7220219780219777,0.5127912087912052
127,0.983529670329665,0.889367032967032,0.5093098901098895
128,0.9164967032967031,0.8408219780219749,0.4744263736263727
129,0.9131076923076868,0.8547252747252749,0.4962329670329643
130,0.9407384615384601,0.695199999999999,0.47307252747252837
131,0.846474725274725,0.9853098901098883,0.4982769230769233
132,0.9824043956043893,0.8713142857142872,0.4960395604395582
133,0.9299076923076923,0.7867999999999996,0.5269362637362636
134,0.9977670329670227,0.9969890109890083,0.4770505494505473
135,0.9391692307692291,0.9955252747252807,0.47498021978021804
136,0.9185362637362638,0.8197274725274724,0.5106021978021957
137,0.8620659340659336,0.76454065934066,0.5001186813186822
138,0.7765406593406582,0.8538901098901099,0.5648967032967013
139,0.9751340659340665,0.7407120879120869,0.5016439560439593
140,0.844896703296701,0.9771076923076866,0.5187208791208796
141,0.945156043956042,0.8084395604395589,0.47291868131868214
142,0.9561846153846133,0.9835472527472439,0.4756923076923079
143,0.9977846153846048,0.7999428571428581,0.5277934065934056
144,0.8999516483516481,0.8010329670329652,0.48261978021978
145,0.9929450549450536,0.7903120879120877,0.5354373626373629
146,0.8027780219780194,0.963164835164833,0.49518681318681085
147,0.7772395604395574,0.9840747252747205,0.491648351648351
148,0.9810681318681281,0.9925978021978001,0.5081098901098905
149,0.9189670329670322,0.9286901098901075,0.5149538461538439
150,0.9976439560439458,0.9137714285714249,0.49741978021977695
151,0.8232527472527462,0.847560439560439,0.500364835164837
152,0.9888483516483475,0.9910901098901194,0.5184615384615375
153,0.9924571428571418,0.8181186813186803,0.4799516483516443
154,0.849274725274724,0.936421978021979,0.49716483516483134
155,0.8855956043956033,0.8261406593406603,0.49727032967032664
156,0.8363516483516468,0.997745054945045,0.5117098901098868
157,0.7602241758241738,0.951556043956041,0.5347780219780226
158,0.7732307692307674,0.7793978021978003,0.49708571428571185
159,0.9565978021978033,0.8288175824175833,0.48945054945055066
160,0.9559208791208765,0.982509890109884,0.49942417582417464
161,0.983063736263732,0.9759208791208848,0.5062021978022003
162,0.9814285714285631,0.9147296703296701,0.5130945054945021
163,0.9523120879120921,0.9910813186813191,0.4822153846153857
164,0.7254549450549449,0.9978021978021873,0.508857142857143
165,0.8678417582417578,0.9310241758241771,0.53301978021978
166,0.9404791208791188,0.9151736263736272,0.4812351648351619
167,0.937024175824174,0.9955604395604455,0.4735076923076924
168,0.8148659340659324,0.9476219780219708,0.5032879120879135
169,0.853419780219779,0.9019428571428567,0.5014461538461564
170,0.823978021978022,0.9802637362637294,0.5342637362637362
171,0.9955824175824236,0.9560087912087897,0.5187472527472539
172,0.9956087912087972,0.9703076923076956,0.5000043956043966
173,0.8259780219780214,0.8784791208791184,0.47993406593406407
174,0.8159428571428559,0.804659340659338,0.5208351648351652
175,0.900114285714286,0.9977538461538358,0.532092307692307
176,0.9375340659340643,0.8035296703296695,0.49060219780219794
177,0.8179032967032964,0.9367692307692315,0.4940087912087902
178,0.8660835164835143,0.8238813186813195,0.48715164835164826
179,0.9976659340659236,0.9759428571428584,0.4956307692307666
180,0.9733846153846148,0.9140571428571396,0.48366153846154175
181,0.9299956043956054,0.6529670329670325,0.4683604395604427
182,0.9917582417582431,0.9095384615384579,0.49638681318681255
183,0.9591692307692294,0.9539428571428543,0.4991912087912069
184,0.9509054945054957,0.9829010989010906,0.48664175824175976
185,0.9849010989010972,0.9935560439560414,0.5027340659340704
186,0.9424527472527429,0.9837626373626307,0.4646505494505483
187,0.984417582417582,0.9439428571428539,0.4895252747252763
188,0.8934945054945056,0.9887560439560412,0.48940219780219885
189,0.7954417582417578,0.7952967032967033,0.5150637362637337
190,0.9109802197802164,0.837740659340657,0.5316571428571406
191,0.8666285714285725,0.9752439560439577,0.5383560439560474
192,0.9046329670329648,0.7619164835164806,0.5420835164835176
193,0.9445362637362623,0.9978021978021873,0.507652747252747
194,0.840742857142856,0.9866769230769268,0.49277802197802045
195,0.9519780219780194,0.7634813186813172,0.49445714285714276
196,0.9350373626373625,0.9462769230769187,0.5121846153846159
197,0.9344923076923051,0.9005186813186775,0.4738153846153844
198,0.9461186813186773,0.9696395604395606,0.4953362637362631
199,0.9829098901098929,0.8118373626373604,0.5230021978021978
200,0.811569230769229,0.9848615384615375,0.5028483516483537
201,0.9977890109890005,0.9344703296703314,0.48911208791208943
202,0.975050549450551,0.7649758241758232,0.48978461538461643
203,0.9105142857142814,0.9809010989010913,0.5089142857142858
204,0.9762285714285702,0.8253670329670343,0.45477802197802325
205,0.8195604395604399,0.9938461538461516,0.4797758241758212
206,0.8016923076923067,0.874443956043954,0.5433582417582427
207,0.9240483516483504,0.9920263736263731,0.5068659340659328
208,0.8496659340659328,0.9977670329670225,0.5587604395604403
209,0.9977406593406488,0.9826637362637289,0.472707692307692
210,0.9977802197802093,0.8961494505494542,0.537621978021978
211,0.9802241758241785,0.9854857142857117,0.4853142857142888
212,0.9922857142857169,0.9449714285714249,0.5258593406593408
213,0.9663252747252783,0.7840175824175825,0.48695824175824415
214,0.922092307692306,0.8093494505494502,0.5405142857142885
215,0.9793934065934033,0.9015076923076917,0.5088175824175826
216,0.781617582417582,0.9627296703296677,0.503731868131869
217,0.8506769230769216,0.9459296703296651,0.47940219780219545
218,0.8708175824175816,0.8383428571428541,0.5041670329670356
219,0.8722593406593377,0.9558285714285707,0.5229010989011027
220,0.9952483516483512,0.9023032967032961,0.4906681318681324
221,0.9930241758241753,0.9903076923076879,0.46648791208791585
222,0.9908527472527495,0.872646153846152,0.5103472527472507
223,0.9977230769230664,0.8449450549450517,0.520967032967033
224,0.995591208791215,0.9346461538461537,0.5093670329670327
225,0.9773934065934038,0.9878065934065962,0.5178417582417595
226,0.7615384615384612,0.992312087912087,0.5081362637362644
227,0.9293450549450546,0.9954373626373679,0.48560000000000214
228,0.8637362637362623,0.9399120879120866,0.5600527472527476
229,0.7209934065934082,0.9204747252747236,0.47433406593406574
230,0.9496483516483506,0.9482109890109841,0.5024131868131878
231,0.9513538461538446,0.8256395604395613,0.48448791208791325
232,0.9721670329670309,0.9916703296703275,0.4801890109890094
233,0.997213186813178,0.946778021978016,0.4798857142857116
234,0.990496703296704,0.8759868131868098,0.4888131868131871
235,0.9782241758241713,0.9006549450549431,0.47042197802197827
236,0.8676571428571392,0.9946857142857163,0.5271340659340671
237,0.9506329670329665,0.9092659340659309,0.5185846153846161
238,0.909731868131865,0.9999956043956043,0.48503296703296866
239,0.7813802197802187,0.9758901098901088,0.5149538461538431
240,0.9977890109890005,0.9977934065933961,0.4867560439560469
241,0.9804967032966991,0.916206593406592,0.4830065934065929
242,0.9775912087912071,0.989186813186813,0.5049494505494541
243,0.8866945054945027,0.9976879120879016,0.5365758241758242
244,0.9515164835164811,0.6955120879120877,0.46318681318681015
245,0.9104043956043943,0.9431912087912048,0.48688791208791515
246,0.8940747252747255,0.7317230769230765,0.4914241758241756
247,0.9322549450549459,0.9172923076923061,0.4924439560439543
248,0.8758769230769199,0.7474725274725263,0.5181846153846157
249,0.8543296703296712,0.9033450549450537,0.5096175824175811
250,0.9998241758241758,0.7400351648351633,0.50053186813187
251,0.9363956043956054,0.999978021978022,0.4917230769230764
252,0.9254109890109867,0.9895120879120889,0.517630769230768
253,0.9554285714285696,0.9977758241758137,0.5075164835164852
254,0.9978021978021873,0.9208043956043926,0.4598901098901071
255,0.9351296703296709,0.677665934065934,0.5056219780219808
256,0.990413186813192,0.792918681318683,0.5021230769230779
257,0.7254285714285712,0.9195516483516475,0.5222725274725311
258,0.9667912087912099,0.8269450549450538,0.5267252747252742
259,0.8455428571428544,0.8938769230769225,0.4899252747252762
260,0.7888307692307686,0.9518109890109859,0.4678461538461548
261,0.8506109890109891,0.9473626373626342,0.5245362637362652
262,0.7619076923076928,0.9645802197802188,0.48883516483516737
263,0.8543956043956036,0.9374461538461525,0.47518241758241586
264,0.9156043956043939,0.8124791208791198,0.49257582417582374
265,0.8586461538461527,0.9794197802197768,0.47213186813187
266,0.9932483516483459,0.8405362637362624,0.5502549450549435
267,0.8107032967032952,0.9996659340659322,0.5241890109890129
268,0.9811032967032952,0.7613010989010982,0.5180219780219784
269,0.9949714285714232,0.9082945054945012,0.5184659340659367
270,0.9219956043956029,0.8161186813186797,0.526650549450549
271,0.9805406593406564,0.7801494505494495,0.47241318681318833
272,0.9955868131868193,0.7994109890109875,0.5392175824175848
273,0.997784615384605,0.9661406593406598,0.5078153846153842
274,0.9933758241758178,0.8447472527472492,0.5282197802197789
275,0.9977934065933961,0.9976615384615285,0.4796659340659304
276,0.9956087912087973,0.8060351648351641,0.5082197802197799
277,0.9884967032967054,0.9356131868131851,0.4956967032966999
278,0.9955120879120936,0.8014637362637349,0.5363604395604398
279,0.9421186813186776,0.9040659340659344,0.4951999999999964
280,0.8297538461538476,0.9056087912087891,0.4797362637362593
281,0.8482681318681301,0.9206989010989012,0.48893186813187023
282,0.953701098901098,0.7152219780219774,0.5066857142857155
283,0.9898637362637412,0.8404395604395574,0.49992967032967106
284,0.8905934065934074,0.9937934065934054,0.5284219780219774
285,0.9612527472527459,0.9824747252747253,0.5013230769230795
286,0.865397802197802,0.8481714285714276,0.5349362637362648
287,0.959164835164835,0.935331868131871,0.4871032967032992
288,0.9563736263736246,0.9978021978021873,0.46226813186813004
289,0.830276923076922,0.8055120879120858,0.5297538461538439
290,0.8841098901098879,0.9541582417582423,0.5245318681318697
291,0.9937626373626393,0.9880395604395633,0.49810109890109977
